customer_id,customer_name,segment,customer_key
RH-19495,Rick Hansen,Consumer,1
JR-16210,Justin Ritter,Corporate,2
CR-12730,Craig Reiter,Consumer,3
KM-16375,Katherine Murray,Home Office,4
RH-9495,Rick Hansen,Consumer,5
JM-15655,Jim Mitchum,Corporate,6
TS-21340,Toby Swindell,Consumer,7
MB-18085,Mick Brown,Consumer,8
JW-15220,Jane Waco,Corporate,9
JH-15985,Joseph Holt,Consumer,10
GM-14695,Greg Maxwell,Corporate,11
AJ-10780,Anthony Jacobs,Corporate,12
MM-7260,Magdelene Morse,Consumer,13
VF-21715,Vicky Freymann,Home Office,14
PF-19120,Peter Fuller,Consumer,15
BP-11185,Ben Peterman,Corporate,16
TB-21175,Thomas Boland,Corporate,17
PJ-18835,Patrick Jones,Corporate,18
JS-15685,Jim Sink,Corporate,19
RH-9555,Ritsa Hightower,Consumer,20
AB-600,Ann Blume,Corporate,21
SA-20830,Sue Ann Reed,Consumer,22
JK-15325,Jason Klamczynski,Corporate,23
LB-16795,Laurel Beltran,Home Office,24
NP-18325,Naresj Patel,Consumer,25
VD-21670,Valerie Dominguez,Consumer,26
PB-19210,Phillip Breyer,Corporate,27
EB-14110,Eugene Barchas,Consumer,28
KF-16285,Karen Ferguson,Home Office,29
BP-11230,Benjamin Patterson,Consumer,30
RR-19525,Rick Reed,Corporate,31
BS-11365,Bill Shonely,Corporate,32
JE-15745,Joel Eaton,Consumer,33
DP-13105,Dave Poirier,Corporate,34
NP-18700,Nora Preis,Consumer,35
AH-30,Aaron Hawkins,Corporate,36
DM-13015,Darrin Martin,Consumer,37
GT-14635,Grant Thornton,Corporate,38
PO-18865,Patrick O'Donnell,Consumer,39
DL-12865,Dan Lawera,Consumer,40
JB-16000,Joy Bell-,Consumer,41
BF-11005,Barry Franz,Home Office,42
VG-21805,Vivek Grady,Corporate,43
GT-14710,Greg Tran,Consumer,44
ZC-21910,Zuschuss Carroll,Consumer,45
SC-20095,Sanjit Chand,Consumer,46
EB-13840,Ellis Ballard,Corporate,47
AP-10915,Arthur Prichep,Consumer,48
SW-20275,Scott Williamson,Consumer,49
JH-15820,John Huston,Consumer,50
LC-16885,Lena Creighton,Consumer,51
TG-11640,Trudy Glocke,Consumer,52
HR-14830,Harold Ryan,Corporate,53
DG-3300,Deirdre Greer,Corporate,54
SG-20470,Sheri Gordon,Consumer,55
FH-14365,Fred Hopkins,Corporate,56
GP-14740,Guy Phonely,Corporate,57
MW-18220,Mitch Webber,Consumer,58
PO-18850,Patrick O'Brill,Consumer,59
CS-12460,Chuck Sachs,Consumer,60
KD-16495,Keith Dawkins,Corporate,61
MS-17980,Michael Stewart,Corporate,62
KC-16675,Kimberly Carter,Corporate,63
DB-13405,Denny Blanton,Consumer,64
JD-15895,Jonathan Doherty,Corporate,65
DK-13090,Dave Kipp,Consumer,66
CS-11845,Cari Sayre,Corporate,67
EM-14200,Evan Minnotte,Home Office,68
DW-3480,Dianna Wilson,Home Office,69
AS-10225,Alan Schoenberger,Corporate,70
ST-20530,Shui Tom,Consumer,71
BW-1065,Barry Weirich,Consumer,72
LA-16780,Laura Armstrong,Corporate,73
AB-10150,Aimee Bixby,Consumer,74
CM-12385,Christopher Martinez,Consumer,75
BE-11410,Bobby Elias,Consumer,76
SZ-20035,Sam Zeldin,Home Office,77
RM-19375,Raymond Messe,Consumer,78
HG-14845,Harry Greene,Consumer,79
DP-3105,Dave Poirier,Corporate,80
AR-10540,Andy Reiter,Consumer,81
TP-21415,Tom Prescott,Consumer,82
AM-10705,Anne McFarland,Consumer,83
AB-255,Alejandro Ballentine,Home Office,84
RP-19270,Rachel Payne,Corporate,85
BK-11260,Berenike Kampe,Consumer,86
JM-15250,Janet Martin,Consumer,87
LW-16990,Lindsay Williams,Corporate,88
NZ-18565,Nick Zandusky,Home Office,89
SV-10815,Stuart Van,Corporate,90
SC-20695,Steve Chapman,Corporate,91
NC-18625,Noah Childs,Corporate,92
NF-18385,Natalie Fritzler,Consumer,93
PM-18940,Paul MacIntyre,Consumer,94
MZ-17335,Maria Zettner,Home Office,95
HM-4980,Henry MacAllister,Consumer,96
RW-19540,Rick Wilson,Corporate,97
LH-17155,Logan Haushalter,Consumer,98
KM-16660,Khloe Miller,Consumer,99
AB-10060,Adam Bellavance,Home Office,100
DB-13060,Dave Brooks,Consumer,101
VM-21685,Valerie Mitchum,Home Office,102
DM-13525,Don Miller,Corporate,103
NM-18520,Neoma Murray,Consumer,104
RO-19780,Rose O'Brian,Consumer,105
SB-20185,Sarah Brown,Consumer,106
EM-14065,Erin Mull,Consumer,107
RS-19765,Roland Schwarz,Corporate,108
ON-18715,Odella Nelson,Corporate,109
VS-21820,Vivek Sundaresam,Consumer,110
CM-12115,Chad McGuire,Consumer,111
TB-21400,Tom Boeckenhauer,Consumer,112
AB-10105,Adrian Barton,Consumer,113
DW-13540,Don Weiss,Consumer,114
PS-19045,Penelope Sewall,Home Office,115
CC-12370,Christopher Conant,Consumer,116
TC-21295,Toby Carlisle,Consumer,117
GM-14440,Gary McGarr,Consumer,118
SV-20815,Stuart Van,Corporate,119
MM-17920,Michael Moore,Consumer,120
JK-16120,Julie Kriz,Home Office,121
DJ-13510,Don Jones,Corporate,122
AT-10435,Alyssa Tate,Home Office,123
AB-10015,Aaron Bergman,Consumer,124
RP-19390,Resi Pölking,Consumer,125
MJ-17740,Max Jones,Consumer,126
PV-18985,Paul Van Hugh,Home Office,127
SB-20290,Sean Braxton,Corporate,128
SM-10005,Sally Matthias,Consumer,129
KH-16330,Katharine Harms,Corporate,130
MP-18175,Mike Pelletier,Home Office,131
LH-17020,Lisa Hazard,Consumer,132
ND-18370,Natalie DeCherney,Consumer,133
CR-12625,Corey Roper,Home Office,134
GM-14680,Greg Matthias,Consumer,135
RA-19945,Ryan Akin,Consumer,136
BW-11110,Bart Watters,Corporate,137
RF-19735,Roland Fjeld,Consumer,138
AG-10675,Anna Gayman,Consumer,139
DM-12955,Dario Medina,Corporate,140
KD-16270,Karen Daniels,Consumer,141
BE-11335,Bill Eplett,Home Office,142
SO-20335,Sean O'Donnell,Consumer,143
DK-12835,Damala Kotsonis,Corporate,144
LC-7050,Liz Carlisle,Consumer,145
CG-12520,Claire Gute,Consumer,146
TB-21280,Toby Braunhardt,Consumer,147
HG-15025,Hunter Glantz,Consumer,148
AD-10180,Alan Dominguez,Home Office,149
BP-11155,Becky Pak,Consumer,150
AA-10480,Andrew Allen,Consumer,151
RL-19615,Rob Lucas,Consumer,152
CS-12505,Cindy Stewart,Consumer,153
SW-20245,Scot Wooten,Consumer,154
TA-21385,Tom Ashbrook,Home Office,155
YC-21895,Yoseph Carroll,Corporate,156
JM-15580,Jill Matthias,Consumer,157
MZ-7335,Maria Zettner,Home Office,158
JF-15295,Jason Fortune-,Consumer,159
JL-15835,John Lee,Consumer,160
DJ-3510,Don Jones,Corporate,161
MF-18250,Monica Federle,Corporate,162
JE-15610,Jim Epp,Corporate,163
CP-12340,Christine Phan,Corporate,164
EH-14125,Eugene Hildebrand,Home Office,165
NC-18340,Nat Carroll,Consumer,166
JS-16030,Joy Smith,Consumer,167
AM-10360,Alice McCarthy,Corporate,168
JF-15190,Jamie Frazer,Consumer,169
JG-15160,James Galang,Consumer,170
DP-13390,Dennis Pardue,Home Office,171
AG-10330,Alex Grayson,Consumer,172
GK-14620,Grace Kelly,Corporate,173
NF-18475,Neil Französisch,Home Office,174
DR-12940,Daniel Raglin,Home Office,175
NB-18655,Nona Balk,Corporate,176
NM-18445,Nathan Mautz,Home Office,177
NP-18670,Nora Paige,Consumer,178
SC-20380,Shahid Collister,Consumer,179
PA-9060,Pete Armstrong,Home Office,180
RB-19570,Rob Beeghly,Consumer,181
SR-20740,Steven Roelle,Home Office,182
RH-19510,Rick Huthwaite,Home Office,183
LH-16750,Larry Hughes,Consumer,184
KB-16585,Ken Black,Corporate,185
EM-13810,Eleni McCrary,Corporate,186
MZ-7515,Mary Zewe,Corporate,187
DM-13345,Denise Monton,Corporate,188
CA-11965,Carol Adams,Corporate,189
SC-20305,Sean Christensen,Consumer,190
MH-18115,Mick Hernandez,Home Office,191
KS-16300,Karen Seio,Corporate,192
BG-11740,Bruce Geld,Consumer,193
CR-2625,Corey Roper,Home Office,194
CB-12415,Christy Brittain,Consumer,195
AP-10720,Anne Pryor,Home Office,196
CR-12820,Cyra Reiten,Home Office,197
BF-11080,Bart Folk,Consumer,198
JM-15265,Janet Molinari,Corporate,199
TW-21025,Tamara Willingham,Home Office,200
RB-19330,Randy Bradley,Consumer,201
JA-15970,Joseph Airdo,Consumer,202
AB-60,Adam Bellavance,Home Office,203
JR-5670,Jim Radford,Consumer,204
MD-17350,Maribeth Dona,Consumer,205
PK-19075,Pete Kriz,Consumer,206
TP-21130,Theone Pippenger,Consumer,207
JK-15640,Jim Kriz,Home Office,208
CD-11920,Carlos Daly,Consumer,209
JL-5835,John Lee,Consumer,210
EP-13915,Emily Phan,Consumer,211
MS-17770,Maxwell Schwartz,Consumer,212
CM-12655,Corinna Mitchell,Home Office,213
JC-6105,Julie Creighton,Corporate,214
GB-14530,George Bell,Corporate,215
JH-16180,Justin Hirsh,Consumer,216
MT-8070,Michelle Tran,Home Office,217
CV-2805,Cynthia Voltz,Corporate,218
NH-18610,Nicole Hansen,Corporate,219
HJ-14875,Heather Jas,Home Office,220
JL-15175,James Lanier,Home Office,221
MY-18295,Muhammed Yedwab,Corporate,222
MW-18235,Mitch Willingham,Corporate,223
KC-16540,Kelly Collister,Consumer,224
HA-14920,Helen Andreada,Consumer,225
MT-17815,Meg Tillman,Consumer,226
FW-14395,Fred Wasserman,Corporate,227
BH-11710,Brosina Hoffman,Consumer,228
DK-12895,Dana Kaydos,Consumer,229
SC-20845,Sung Chung,Consumer,230
CY-12745,Craig Yedwab,Corporate,231
HL-15040,Hunter Lopez,Consumer,232
CT-11995,Carol Triggs,Consumer,233
GR-4560,Georgia Rosenberg,Corporate,234
TT-21070,Ted Trevino,Consumer,235
PO-19195,Phillina Ober,Home Office,236
ED-13885,Emily Ducich,Home Office,237
TM-21490,Tony Molinari,Consumer,238
AW-10840,Anthony Witt,Consumer,239
AT-10735,Annie Thurman,Consumer,240
SG-10605,Speros Goranitis,Consumer,241
BM-11785,Bryan Mills,Consumer,242
DK-13375,Dennis Kane,Consumer,243
PF-19225,Phillip Flathmann,Consumer,244
TG-21310,Toby Gnade,Consumer,245
SF-10200,Sarah Foster,Consumer,246
JW-5220,Jane Waco,Corporate,247
CC-12100,Chad Cunningham,Home Office,248
RD-19930,Russell D'Ascenzo,Consumer,249
BP-1230,Benjamin Patterson,Consumer,250
CS-12175,Charles Sheldon,Corporate,251
JD-16060,Julia Dunbar,Consumer,252
GH-14665,Greg Hansen,Consumer,253
CM-11935,Carlos Meador,Consumer,254
RB-9465,Rick Bensley,Home Office,255
RB-19795,Ross Baird,Home Office,256
DL-13495,Dionis Lloyd,Corporate,257
TS-21205,Thomas Seio,Corporate,258
MV-8190,Mike Vittorini,Consumer,259
BD-11560,Brendan Dodson,Home Office,260
PS-18760,Pamela Stobb,Consumer,261
FM-14215,Filia McAdams,Corporate,262
CA-12775,Cynthia Arntzen,Consumer,263
CD-12790,Cynthia Delaney,Home Office,264
NL-18310,Nancy Lomonaco,Home Office,265
TB-21055,Ted Butterfield,Consumer,266
EH-4125,Eugene Hildebrand,Home Office,267
KB-16600,Ken Brennan,Corporate,268
KW-16435,Katrina Willman,Consumer,269
MG-17695,Maureen Gnade,Consumer,270
HM-14860,Harry Marie,Corporate,271
BP-11290,Beth Paige,Consumer,272
HZ-4950,Henia Zydlo,Consumer,273
TC-20980,Tamara Chand,Corporate,274
EM-13825,Elizabeth Moffitt,Corporate,275
BS-11800,Bryan Spruell,Home Office,276
DV-13465,Dianna Vittorini,Consumer,277
MB-17305,Maria Bertelson,Consumer,278
PC-19000,Pauline Chand,Home Office,279
CA-12310,Christine Abelman,Corporate,280
KC-16255,Karen Carlisle,Corporate,281
DB-3660,Duane Benoit,Consumer,282
SC-20260,Scott Cohen,Corporate,283
BD-11500,Bradley Drucker,Consumer,284
BM-11140,Becky Martin,Consumer,285
KB-16315,Karl Braun,Consumer,286
JM-15865,John Murray,Consumer,287
AF-10885,Art Foster,Consumer,288
SJ-20500,Shirley Jackson,Consumer,289
WB-21850,William Brown,Consumer,290
CC-12610,Corey Catlett,Corporate,291
BE-11455,Brad Eason,Home Office,292
TG-21640,Trudy Glocke,Consumer,293
MS-17365,Maribeth Schnelling,Consumer,294
NP-18685,Nora Pelletier,Home Office,295
RM-19675,Robert Marley,Home Office,296
SN-20560,Skye Norling,Home Office,297
CD-12280,Christina DeMoss,Consumer,298
BG-11035,Barry Gonzalez,Consumer,299
CC-12550,Clay Cheatham,Consumer,300
SV-20785,Stewart Visinsky,Consumer,301
HW-14935,Helen Wasserman,Corporate,302
AS-10285,Alejandro Savely,Corporate,303
LD-16855,Lela Donovan,Corporate,304
NS-18505,Neola Schneider,Consumer,305
CM-12715,Craig Molinari,Corporate,306
JD-6060,Julia Dunbar,Consumer,307
MG-17680,Maureen Gastineau,Home Office,308
DB-13210,Dean Braden,Consumer,309
CS-11860,Cari Schnelling,Consumer,310
GG-14650,Greg Guthrie,Corporate,311
BN-11470,Brad Norvell,Corporate,312
BS-1665,Brian Stugart,Consumer,313
AC-10450,Amy Cox,Consumer,314
CK-12205,Chloris Kastensmidt,Consumer,315
JD-16150,Justin Deggeller,Corporate,316
CC-2550,Clay Cheatham,Consumer,317
MS-17830,Melanie Seite,Consumer,318
SM-20950,Suzanne McNair,Corporate,319
CL-12700,Craig Leslie,Home Office,320
CM-12160,Charles McCrossin,Consumer,321
JC-15775,John Castell,Consumer,322
LH-16900,Lena Hernandez,Consumer,323
DV-13045,Darrin Van Huff,Corporate,324
BT-11530,Bradley Talbott,Home Office,325
BM-1650,Brian Moss,Corporate,326
MG-18205,Mitch Gastineau,Corporate,327
RB-19705,Roger Barcio,Home Office,328
FC-14245,Frank Carlisle,Home Office,329
TT-21220,Thomas Thornton,Consumer,330
SJ-20215,Sarah Jordon,Consumer,331
PB-18805,Patrick Bzostek,Home Office,332
RW-19690,Robert Waldorf,Consumer,333
DB-3360,Dennis Bolton,Home Office,334
DK-13150,David Kendrick,Corporate,335
RW-9540,Rick Wilson,Corporate,336
MP-17470,Mark Packer,Home Office,337
TB-21625,Trudy Brown,Consumer,338
MO-17800,Meg O'Connel,Home Office,339
MR-17545,Mathew Reese,Home Office,340
LC-17050,Liz Carlisle,Consumer,341
RA-19885,Ruben Ausman,Corporate,342
MG-8145,Mike Gockenbach,Consumer,343
JE-16165,Justin Ellison,Corporate,344
JK-16090,Juliana Krohn,Consumer,345
EM-13960,Eric Murdock,Consumer,346
DJ-13420,Denny Joy,Corporate,347
BO-11425,Bobby Odegard,Consumer,348
LW-17215,Luke Weiss,Consumer,349
PJ-19015,Pauline Johnson,Consumer,350
KM-16720,Kunst Miller,Consumer,351
BG-11695,Brooke Gillingham,Corporate,352
CS-12130,Chad Sievert,Consumer,353
MC-17425,Mark Cousins,Corporate,354
BD-1635,Brian Derr,Consumer,355
RF-19345,Randy Ferguson,Corporate,356
MG-7680,Maureen Gastineau,Home Office,357
KH-16690,Kristen Hastings,Corporate,358
CC-12475,Cindy Chapman,Consumer,359
LT-16765,Larry Tron,Consumer,360
BF-10975,Barbara Fisher,Corporate,361
CJ-12010,Caroline Jumper,Consumer,362
SH-9975,Sally Hughsby,Corporate,363
SL-20155,Sara Luxemburg,Home Office,364
NC-8340,Nat Carroll,Consumer,365
JB-5400,Jennifer Braxton,Corporate,366
TB-21250,Tim Brockman,Consumer,367
PS-18970,Paul Stevenson,Home Office,368
BB-11545,Brenda Bowman,Corporate,369
SG-10470,Sheri Gordon,Consumer,370
SP-20920,Susan Pistek,Consumer,371
Dp-13240,Dean percer,Home Office,372
GZ-14470,Gary Zandusky,Consumer,373
AH-10075,Adam Hart,Corporate,374
CB-2025,Cassandra Brandow,Consumer,375
SC-20050,Sample Company A,Home Office,376
SC-10230,Scot Coram,Corporate,377
JS-15595,Jill Stevenson,Corporate,378
BS-11380,Bill Stewart,Corporate,379
JL-5130,Jack Lebron,Consumer,380
AS-10090,Adam Shillingsburg,Consumer,381
EL-13735,Ed Ludwig,Home Office,382
FH-14275,Frank Hawley,Corporate,383
OT-18730,Olvera Toch,Consumer,384
SM-10320,Sean Miller,Home Office,385
PM-19135,Peter McVee,Home Office,386
TS-11430,Tom Stivers,Corporate,387
LS-17245,Lynn Smith,Consumer,388
SF-20200,Sarah Foster,Consumer,389
CM-11815,Candace McMahon,Corporate,390
FG-14260,Frank Gastineau,Home Office,391
KN-6705,Kristina Nunn,Home Office,392
TB-11520,Tracy Blumstein,Consumer,393
JB-15400,Jennifer Braxton,Corporate,394
KH-16510,Keith Herrera,Consumer,395
DL-13330,Denise Leinenbach,Consumer,396
KN-16390,Katherine Nockton,Corporate,397
SV-20935,Susan Vittorini,Consumer,398
MD-17860,Michael Dominguez,Corporate,399
LS-17200,Luke Schmidt,Corporate,400
CM-12445,Chuck Magee,Consumer,401
SS-20140,Saphhira Shifley,Corporate,402
GH-14425,Gary Hwang,Consumer,403
SM-20320,Sean Miller,Home Office,404
GR-14560,Georgia Rosenberg,Corporate,405
TS-21370,Todd Sumrall,Corporate,406
DH-3675,Duane Huffman,Home Office,407
MM-8280,Muhammed MacIntyre,Corporate,408
PM-9135,Peter McVee,Home Office,409
GP-4740,Guy Phonely,Corporate,410
AF-10870,Art Ferguson,Consumer,411
TS-21505,Tony Sayre,Consumer,412
BM-11575,Brendan Murry,Corporate,413
AH-10030,Aaron Hawkins,Corporate,414
AG-10495,Andrew Gjertsen,Corporate,415
AG-675,Anna Gayman,Consumer,416
SW-20755,Steven Ward,Corporate,417
SK-19990,Sally Knutson,Consumer,418
AG-10900,Arthur Gainer,Consumer,419
AJ-960,Astrea Jones,Consumer,420
MC-7275,Marc Crier,Consumer,421
ER-13855,Elpida Rittenbach,Corporate,422
EJ-13720,Ed Jacobs,Consumer,423
DH-13675,Duane Huffman,Home Office,424
HE-14800,Harold Engle,Corporate,425
KT-16480,Kean Thornton,Consumer,426
SB-20170,Sarah Bern,Consumer,427
EM-14140,Eugene Moren,Home Office,428
VT-21700,Valerie Takahito,Home Office,429
JS-15880,John Stevenson,Consumer,430
BC-11125,Becky Castell,Home Office,431
NF-18595,Nicole Fjeld,Home Office,432
RH-9600,Rob Haberlin,Consumer,433
CS-11950,Carlos Soltero,Consumer,434
CM-12235,Chris McAfee,Consumer,435
LW-16825,Laurel Workman,Corporate,436
RD-19585,Rob Dowd,Consumer,437
BT-11680,Brian Thompson,Consumer,438
MD-7860,Michael Dominguez,Corporate,439
CC-12145,Charles Crestani,Consumer,440
XP-21865,Xylona Preis,Consumer,441
ML-17410,Maris LaWare,Consumer,442
BS-11665,Brian Stugart,Consumer,443
SC-20230,Scot Coram,Corporate,444
QJ-19255,Quincy Jones,Corporate,445
RE-19450,Richard Eichhorn,Consumer,446
CP-2085,Cathy Prescott,Corporate,447
JK-5730,Joe Kamberova,Consumer,448
HZ-14950,Henia Zydlo,Consumer,449
AR-10570,Anemone Ratner,Consumer,450
EH-14005,Erica Hernandez,Home Office,451
JR-15700,Jocasta Rupert,Consumer,452
PL-18925,Paul Lucas,Home Office,453
TC-21145,Theresa Coyne,Corporate,454
DG-13300,Deirdre Greer,Corporate,455
Dl-13600,Dorris liebe,Corporate,456
NC-18415,Nathan Cano,Consumer,457
EB-13930,Eric Barreto,Consumer,458
CP-12085,Cathy Prescott,Corporate,459
SM-20005,Sally Matthias,Consumer,460
JR-15670,Jim Radford,Consumer,461
DL-12925,Daniel Lacy,Consumer,462
FM-14290,Frank Merwin,Home Office,463
DP-13165,David Philippe,Consumer,464
CK-12595,Clytie Kelty,Consumer,465
CM-11830,Cari MacIntyre,Corporate,466
PP-18955,Paul Prost,Home Office,467
MM-17260,Magdelene Morse,Consumer,468
ME-17320,Maria Etezadi,Home Office,469
CS-12490,Cindy Schnelling,Corporate,470
GH-14410,Gary Hansen,Home Office,471
MC-17635,Matthew Clasen,Corporate,472
LM-7065,Liz MacKendrick,Consumer,473
AR-10510,Andrew Roberts,Consumer,474
JH-15910,Jonathan Howell,Consumer,475
DK-3375,Dennis Kane,Consumer,476
EG-13900,Emily Grady,Consumer,477
AS-10630,Ann Steele,Home Office,478
CL-11890,Carl Ludwig,Consumer,479
CA-12265,Christina Anderson,Consumer,480
PF-19165,Philip Fox,Consumer,481
DB-12970,Darren Budd,Corporate,482
CL-12565,Clay Ludtke,Consumer,483
MF-17665,Maureen Fritzler,Corporate,484
IM-15055,Ionia McGrath,Consumer,485
EB-13975,Erica Bern,Corporate,486
AA-10315,Alex Avila,Consumer,487
MV-17485,Mark Van Huff,Consumer,488
JW-15955,Joni Wasserman,Consumer,489
TS-21610,Troy Staebel,Consumer,490
MC-17575,Matt Collins,Consumer,491
JF-5415,Jennifer Ferguson,Consumer,492
AH-10210,Alan Hwang,Consumer,493
KD-16345,Katherine Ducich,Consumer,494
PG-18895,Paul Gonzalez,Consumer,495
HK-14890,Heather Kirkland,Corporate,496
RR-19315,Ralph Ritter,Consumer,497
HH-5010,Hilary Holden,Corporate,498
SH-20635,Stefanie Holloman,Corporate,499
AR-10825,Anthony Rawles,Corporate,500
RP-9855,Roy Phan,Corporate,501
LR-17035,Lisa Ryan,Corporate,502
IM-5055,Ionia McGrath,Consumer,503
CK-12325,Christine Kargatis,Home Office,504
AS-285,Alejandro Savely,Corporate,505
DK-12985,Darren Koutras,Consumer,506
EH-4185,Evan Henry,Consumer,507
ML-17395,Marina Lichtenstein,Corporate,508
BF-11215,Benjamin Farhat,Home Office,509
MB-7305,Maria Bertelson,Consumer,510
CR-12580,Clay Rozendal,Home Office,511
TB-21520,Tracy Blumstein,Consumer,512
KN-16450,Kean Nguyen,Corporate,513
HR-14770,Hallie Redmond,Home Office,514
CK-12760,Cyma Kinney,Corporate,515
RO-9780,Rose O'Brian,Consumer,516
EN-13780,Edward Nazzal,Consumer,517
AH-10465,Amy Hunt,Consumer,518
AH-10585,Angele Hood,Consumer,519
RB-9435,Richard Bierner,Consumer,520
AG-525,Andy Gerbode,Corporate,521
AR-10345,Alex Russell,Corporate,522
MW-8220,Mitch Webber,Consumer,523
AH-210,Alan Hwang,Consumer,524
TH-21235,Tiffany House,Corporate,525
LT-7110,Liz Thompson,Consumer,526
HD-14785,Harold Dahlen,Home Office,527
MC-7575,Matt Collins,Consumer,528
MH-18025,Michelle Huthwaite,Consumer,529
CC-2475,Cindy Chapman,Consumer,530
CM-12190,Charlotte Melton,Consumer,531
RA-19915,Russell Applegate,Consumer,532
MT-18070,Michelle Tran,Home Office,533
JF-15415,Jennifer Ferguson,Consumer,534
ES-14020,Erica Smith,Consumer,535
CC-12685,Craig Carroll,Consumer,536
IM-15070,Irene Maddox,Consumer,537
DA-13450,Dianna Arnett,Home Office,538
SS-10410,Shahid Shariari,Consumer,539
BM-11650,Brian Moss,Corporate,540
SW-20350,Sean Wendt,Home Office,541
CM-1830,Cari MacIntyre,Corporate,542
MY-17380,Maribeth Yedwab,Corporate,543
MS-7830,Melanie Seite,Consumer,544
HG-14965,Henry Goldwyn,Corporate,545
DC-13285,Debra Catini,Consumer,546
DL-13315,Delfina Latchford,Consumer,547
JK-15370,Jay Kimmel,Consumer,548
CH-2070,Cathy Hwang,Home Office,549
MH-7440,Mark Haberlin,Corporate,550
MC-17845,Michael Chen,Consumer,551
PW-19030,Pauline Webber,Corporate,552
BS-11590,Brendan Sweed,Corporate,553
DO-13435,Denny Ordway,Consumer,554
SG-20890,Susan Gilcrest,Corporate,555
SU-20665,Stephanie Ulpright,Home Office,556
JC-16105,Julie Creighton,Corporate,557
TB-21190,Thomas Brumley,Home Office,558
SV-10785,Stewart Visinsky,Consumer,559
VP-21760,Victoria Pisteka,Corporate,560
LR-16915,Lena Radford,Consumer,561
TH-21550,Tracy Hopkins,Home Office,562
TC-11145,Theresa Coyne,Corporate,563
JL-15235,Janet Lee,Consumer,564
RK-19300,Ralph Kennedy,Consumer,565
CC-12670,Craig Carreira,Consumer,566
DB-13555,Dorothy Badders,Corporate,567
SG-20605,Speros Goranitis,Consumer,568
MG-17890,Michael Granlund,Home Office,569
MA-17560,Matt Abelman,Home Office,570
CB-12025,Cassandra Brandow,Consumer,571
DH-13075,Dave Hallsten,Corporate,572
BT-11395,Bill Tyler,Corporate,573
TT-11265,Tim Taslimi,Corporate,574
TH-11235,Tiffany House,Corporate,575
VG-21790,Vivek Gonzalez,Consumer,576
NW-18400,Natalie Webber,Consumer,577
VP-21730,Victor Preis,Home Office,578
SS-20410,Shahid Shariari,Consumer,579
JE-15715,Joe Elijah,Consumer,580
AG-270,Alejandro Grove,Consumer,581
BW-11200,Ben Wallace,Consumer,582
EK-13795,Eileen Kiefer,Home Office,583
SG-20080,Sandra Glassco,Consumer,584
SC-10725,Steven Cartwright,Consumer,585
AG-10525,Andy Gerbode,Corporate,586
MG-18145,Mike Gockenbach,Consumer,587
BD-11605,Brian Dahlen,Consumer,588
PB-19105,Peter Bühler,Consumer,589
SC-20575,Sonia Cooley,Consumer,590
DO-3435,Denny Ordway,Consumer,591
CC-12220,Chris Cortes,Consumer,592
TS-21430,Tom Stivers,Corporate,593
AZ-10750,Annie Zypern,Consumer,594
IG-15085,Ivan Gibson,Consumer,595
SP-20860,Sung Pak,Corporate,596
KM-16225,Kalyca Meade,Corporate,597
KM-6720,Kunst Miller,Consumer,598
MM-18055,Michelle Moray,Consumer,599
RB-19360,Raymond Buch,Consumer,600
NC-8415,Nathan Cano,Consumer,601
SN-20710,Steve Nguyen,Home Office,602
DL-3330,Denise Leinenbach,Consumer,603
JG-15115,Jack Garza,Consumer,604
CJ-11875,Carl Jackson,Corporate,605
AY-10555,Andy Yotov,Corporate,606
BV-11245,Benjamin Venier,Corporate,607
PO-9195,Phillina Ober,Home Office,608
GZ-4545,George Zrebassa,Corporate,609
PN-18775,Parhena Norris,Home Office,610
SC-20800,Stuart Calhoun,Consumer,611
AC-10615,Ann Chong,Corporate,612
VB-21745,Victoria Brennan,Corporate,613
TT-11460,Tonja Turnell,Home Office,614
AC-10420,Alyssa Crouse,Corporate,615
CG-12040,Catherine Glotzbach,Home Office,616
TR-11325,Toby Ritter,Consumer,617
SC-20440,Shaun Chance,Corporate,618
BT-11305,Beth Thompson,Home Office,619
JB-15925,Joni Blumstein,Consumer,620
GW-14605,Giulietta Weimer,Consumer,621
SC-20725,Steven Cartwright,Consumer,622
EH-13765,Edward Hooks,Corporate,623
YS-21880,Yana Sorensen,Corporate,624
FO-14305,Frank Olsen,Consumer,625
RP-19855,Roy Phan,Corporate,626
AB-10600,Ann Blume,Corporate,627
KB-16240,Karen Bern,Corporate,628
KA-16525,Kelly Andreada,Consumer,629
EM-3960,Eric Murdock,Consumer,630
JD-15790,John Dryer,Consumer,631
JL-15850,John Lucas,Consumer,632
JW-16075,Julia West,Consumer,633
LL-6840,Lauren Leatherbury,Consumer,634
TH-21100,Thea Hendricks,Consumer,635
MC-17275,Marc Crier,Consumer,636
NG-8430,Nathan Gelder,Consumer,637
KD-16615,Ken Dana,Corporate,638
MC-17605,Matt Connell,Corporate,639
JK-15625,Jim Karlsson,Consumer,640
TS-11505,Tony Sayre,Consumer,641
LD-6855,Lela Donovan,Corporate,642
LP-17080,Liz Pelletier,Consumer,643
CV-12805,Cynthia Voltz,Corporate,644
MO-17500,Mary O'Rourke,Consumer,645
MS-17530,MaryBeth Skach,Consumer,646
GA-14515,George Ashbrook,Consumer,647
CS-12355,Christine Sundaresam,Consumer,648
GM-14500,Gene McClure,Consumer,649
CC-2670,Craig Carreira,Consumer,650
MN-17935,Michael Nguyen,Consumer,651
JM-16195,Justin MacKendrick,Consumer,652
DB-13615,Doug Bickford,Consumer,653
PK-18910,Paul Knutson,Home Office,654
LS-16945,Linda Southworth,Corporate,655
JK-15730,Joe Kamberova,Consumer,656
SW-10275,Scott Williamson,Consumer,657
MC-18100,Mick Crebagga,Consumer,658
EH-13945,Eric Hoffmann,Consumer,659
LC-16930,Linda Cazamias,Corporate,660
MA-17995,Michelle Arnett,Home Office,661
SP-20650,Stephanie Phelps,Corporate,662
JH-15430,Jennifer Halladay,Consumer,663
ML-17755,Max Ludwig,Home Office,664
PC-18745,Pamela Coakley,Corporate,665
KE-16420,Katrina Edelman,Corporate,666
EM-4200,Evan Minnotte,Home Office,667
DW-13480,Dianna Wilson,Home Office,668
SC-10680,Steve Carroll,Home Office,669
JG-15805,John Grady,Corporate,670
LL-16840,Lauren Leatherbury,Consumer,671
PV-8985,Paul Van Hugh,Home Office,672
PO-19180,Philisse Overcash,Home Office,673
SH-19975,Sally Hughsby,Corporate,674
GA-14725,Guy Armstrong,Consumer,675
GT-4755,Guy Thornton,Consumer,676
PR-18880,Patrick Ryan,Consumer,677
AG-10765,Anthony Garverick,Home Office,678
SE-20110,Sanjit Engle,Consumer,679
JB-16045,Julia Barnett,Home Office,680
JM-5580,Jill Matthias,Consumer,681
JO-15280,Jas O'Carroll,Consumer,682
LP-17095,Liz Preis,Consumer,683
EJ-14155,Eva Jacobs,Consumer,684
VW-21775,Victoria Wilson,Corporate,685
GM-14455,Gary Mitchum,Home Office,686
BF-1080,Bart Folk,Consumer,687
SM-20905,Susan MacKendrick,Consumer,688
BO-1425,Bobby Odegard,Consumer,689
AW-10930,Arthur Wiediger,Home Office,690
JP-15460,Jennifer Patt,Corporate,691
AS-10240,Alan Shonely,Consumer,692
TB-11625,Trudy Brown,Consumer,693
JP-5520,Jeremy Pistek,Consumer,694
BD-11770,Bryan Davis,Consumer,695
BD-11635,Brian Derr,Consumer,696
CC-2370,Christopher Conant,Consumer,697
PO-8850,Patrick O'Brill,Consumer,698
TZ-21445,Tom Zandusky,Corporate,699
RB-19435,Richard Bierner,Consumer,700
JE-15475,Jeremy Ellison,Consumer,701
AI-10855,Arianne Irving,Consumer,702
MH-17440,Mark Haberlin,Corporate,703
JE-6165,Justin Ellison,Corporate,704
DS-13180,David Smith,Corporate,705
AC-10660,Anna Chung,Consumer,706
MH-17455,Mark Hamilton,Consumer,707
CC-12430,Chuck Clark,Home Office,708
NG-18355,Nat Gilpin,Corporate,709
RC-19825,Roy Collins,Consumer,710
JD-16015,Joy Daniels,Consumer,711
JH-5910,Jonathan Howell,Consumer,712
SC-10695,Steve Chapman,Corporate,713
RD-9930,Russell D'Ascenzo,Consumer,714
LC-6930,Linda Cazamias,Corporate,715
DW-13195,David Wiener,Corporate,716
RD-19900,Ruben Dartt,Consumer,717
MV-18190,Mike Vittorini,Consumer,718
RD-19480,Rick Duston,Consumer,719
SV-20365,Seth Vernon,Consumer,720
LS-17230,Lycoris Saunders,Consumer,721
GD-14590,Giulietta Dortch,Corporate,722
EB-13750,Edward Becker,Corporate,723
KH-6360,Katherine Hughes,Consumer,724
BF-11275,Beth Fritzler,Corporate,725
NG-18430,Nathan Gelder,Consumer,726
Co-12640,Corey-Lock,Consumer,727
SF-20965,Sylvia Foulston,Corporate,728
KB-16405,Katrina Bavinger,Home Office,729
LC-16870,Lena Cacioppo,Consumer,730
JL-15505,Jeremy Lonsdale,Consumer,731
BD-11725,Bruce Degenhardt,Consumer,732
TM-21010,Tamara Manning,Consumer,733
AB-150,Aimee Bixby,Consumer,734
BW-11065,Barry Weirich,Consumer,735
FM-14380,Fred McMath,Consumer,736
PC-8745,Pamela Coakley,Corporate,737
BN-1470,Brad Norvell,Corporate,738
AH-10120,Adrian Hane,Home Office,739
LF-17185,Luke Foster,Consumer,740
DJ-13630,Doug Jacobs,Consumer,741
SJ-20125,Sanjit Jacobs,Home Office,742
ML-18265,Muhammed Lee,Consumer,743
SF-10965,Sylvia Foulston,Corporate,744
PO-8865,Patrick O'Donnell,Consumer,745
MH-17290,Marc Harrigan,Home Office,746
NR-18550,Nick Radford,Consumer,747
MK-17905,Michael Kennedy,Corporate,748
DB-13660,Duane Benoit,Consumer,749
PH-18790,Patricia Hirasaki,Home Office,750
AB-10165,Alan Barnes,Consumer,751
CA-12055,Cathy Armstrong,Home Office,752
JF-5295,Jason Fortune-,Consumer,753
KT-16465,Kean Takahito,Consumer,754
RB-9705,Roger Barcio,Home Office,755
BD-1725,Bruce Degenhardt,Consumer,756
EB-13705,Ed Braxton,Corporate,757
MG-17875,Michael Grace,Home Office,758
MG-17650,Matthew Grinstein,Home Office,759
AG-10270,Alejandro Grove,Consumer,760
NP-8685,Nora Pelletier,Home Office,761
AS-630,Ann Steele,Home Office,762
SC-20680,Steve Carroll,Home Office,763
MC-17590,Matt Collister,Corporate,764
TP-11415,Tom Prescott,Consumer,765
HH-15010,Hilary Holden,Corporate,766
BT-11485,Brad Thomas,Home Office,767
EB-13870,Emily Burns,Consumer,768
JP-15520,Jeremy Pistek,Consumer,769
CM-2115,Chad McGuire,Consumer,770
EA-14035,Erin Ashbrook,Corporate,771
FH-14350,Fred Harton,Consumer,772
BS-1800,Bryan Spruell,Home Office,773
AA-10375,Allen Armold,Consumer,774
BN-11515,Bradley Nguyen,Consumer,775
EG-3900,Emily Grady,Consumer,776
RE-19405,Ricardo Emerson,Consumer,777
ND-18460,Neil Ducich,Corporate,778
TT-21460,Tonja Turnell,Home Office,779
ML-18040,Michelle Lonsdale,Corporate,780
JL-5505,Jeremy Lonsdale,Consumer,781
SP-20545,Sibella Parks,Corporate,782
SF-10065,Sandra Flanagan,Consumer,783
AS-10045,Aaron Smayling,Corporate,784
TT-11220,Thomas Thornton,Consumer,785
AH-10195,Alan Haines,Corporate,786
KH-6630,Ken Heidel,Corporate,787
AA-10645,Anna Andreadi,Consumer,788
JL-15130,Jack Lebron,Consumer,789
KM-6375,Katherine Murray,Home Office,790
LS-16975,Lindsay Shagiari,Home Office,791
KL-16645,Ken Lonsdale,Consumer,792
EH-14185,Evan Henry,Consumer,793
KW-6570,Kelly Williams,Consumer,794
DB-3060,Dave Brooks,Consumer,795
FA-14230,Frank Atkinson,Corporate,796
JF-15565,Jill Fjeld,Consumer,797
LO-7170,Lori Olson,Corporate,798
KB-6315,Karl Braun,Consumer,799
BS-11755,Bruce Stewart,Consumer,800
RB-19465,Rick Bensley,Home Office,801
HF-14995,Herbert Flentye,Consumer,802
MP-17965,Michael Paige,Corporate,803
JJ-15445,Jennifer Jackson,Consumer,804
LC-17140,Logan Currie,Consumer,805
TT-11070,Ted Trevino,Consumer,806
BF-11020,Barry Französisch,Corporate,807
ES-14080,Erin Smith,Corporate,808
FC-14335,Fred Chung,Corporate,809
TS-21160,Theresa Swint,Corporate,810
RE-9450,Richard Eichhorn,Consumer,811
JC-15340,Jasper Cacioppo,Consumer,812
MH-17785,Maya Herman,Corporate,813
RF-19840,Roy Französisch,Consumer,814
PG-18820,Patrick Gardner,Consumer,815
DO-13645,Doug O'Connell,Consumer,816
SC-10305,Sean Christensen,Consumer,817
TN-21040,Tanja Norvell,Home Office,818
DR-12880,Dan Reichenbach,Corporate,819
EB-3975,Erica Bern,Corporate,820
NS-8505,Neola Schneider,Consumer,821
SF-20065,Sandra Flanagan,Consumer,822
RA-19285,Ralph Arnett,Consumer,823
LT-17110,Liz Thompson,Consumer,824
BF-11170,Ben Ferrer,Home Office,825
AR-825,Anthony Rawles,Corporate,826
SD-20485,Shirley Daniels,Home Office,827
GW-4605,Giulietta Weimer,Consumer,828
DB-13120,David Bremer,Corporate,829
JC-5775,John Castell,Consumer,830
ND-8460,Neil Ducich,Corporate,831
TC-11295,Toby Carlisle,Consumer,832
DM-2955,Dario Medina,Corporate,833
PJ-9015,Pauline Johnson,Consumer,834
JH-5820,John Huston,Consumer,835
ME-18010,Michelle Ellison,Corporate,836
AH-10690,Anna Häberlin,Corporate,837
RD-19660,Robert Dilbeck,Home Office,838
CD-1980,Carol Darley,Consumer,839
CL-2565,Clay Ludtke,Consumer,840
MO-7800,Meg O'Connel,Home Office,841
CR-2580,Clay Rozendal,Home Office,842
TC-10980,Tamara Chand,Corporate,843
RD-9900,Ruben Dartt,Consumer,844
CS-12250,Chris Selesnick,Corporate,845
CH-12070,Cathy Hwang,Home Office,846
JF-15355,Jay Fein,Consumer,847
AS-135,Adrian Shami,Home Office,848
SP-20620,Stefania Perrino,Corporate,849
EC-14050,Erin Creighton,Consumer,850
IG-5085,Ivan Gibson,Consumer,851
TB-21355,Todd Boyes,Corporate,852
MH-17620,Matt Hagelstein,Corporate,853
GT-14755,Guy Thornton,Consumer,854
DF-13135,David Flashing,Consumer,855
AS-240,Alan Shonely,Consumer,856
PG-8820,Patrick Gardner,Consumer,857
JS-6030,Joy Smith,Consumer,858
SS-20590,Sonia Sunley,Consumer,859
CS-2490,Cindy Schnelling,Corporate,860
CM-2715,Craig Molinari,Corporate,861
BM-1140,Becky Martin,Consumer,862
RD-19720,Roger Demir,Consumer,863
LD-17005,Lisa DeCherney,Consumer,864
EB-3705,Ed Braxton,Corporate,865
RH-19555,Ritsa Hightower,Consumer,866
JP-6135,Julie Prescott,Home Office,867
PB-9210,Phillip Breyer,Corporate,868
LC-16960,Lindsay Castell,Home Office,869
JC-15385,Jenna Caffey,Consumer,870
IL-15100,Ivan Liston,Consumer,871
SW-10245,Scot Wooten,Consumer,872
CP-2340,Christine Phan,Corporate,873
NS-18640,Noel Staavos,Corporate,874
TR-21325,Toby Ritter,Consumer,875
NF-8385,Natalie Fritzler,Consumer,876
TZ-21580,Tracy Zic,Consumer,877
TB-11055,Ted Butterfield,Consumer,878
AJ-10795,Anthony Johnson,Corporate,879
GH-14485,Gene Hale,Corporate,880
AG-10300,Aleksandra Gannaway,Corporate,881
EH-3945,Eric Hoffmann,Consumer,882
JD-6150,Justin Deggeller,Corporate,883
KH-16360,Katherine Hughes,Consumer,884
JB-6045,Julia Barnett,Home Office,885
AH-585,Angele Hood,Consumer,886
MS-7530,MaryBeth Skach,Consumer,887
HA-14905,Helen Abelman,Consumer,888
JG-15310,Jason Gross,Corporate,889
CD-1920,Carlos Daly,Consumer,890
TC-21535,Tracy Collins,Home Office,891
PB-9105,Peter Bühler,Consumer,892
AR-10405,Allen Rosenblatt,Corporate,893
NK-18490,Neil Knudson,Home Office,894
MG-7695,Maureen Gnade,Consumer,895
AJ-10945,Ashley Jarboe,Consumer,896
RS-19420,Ricardo Sperren,Corporate,897
SC-20770,Stewart Carmichael,Corporate,898
LM-17065,Liz MacKendrick,Consumer,899
DP-13000,Darren Powers,Consumer,900
RD-9660,Robert Dilbeck,Home Office,901
LB-16735,Larry Blacks,Consumer,902
MZ-17515,Mary Zewe,Corporate,903
ER-3855,Elpida Rittenbach,Corporate,904
MS-17710,Maurice Satty,Consumer,905
LC-6960,Lindsay Castell,Home Office,906
GZ-14545,George Zrebassa,Corporate,907
JK-5625,Jim Karlsson,Consumer,908
JJ-15760,Joel Jenkins,Home Office,909
CA-2265,Christina Anderson,Consumer,910
CC-2220,Chris Cortes,Consumer,911
KL-6555,Kelly Lampkin,Corporate,912
CS-2175,Charles Sheldon,Corporate,913
KL-16555,Kelly Lampkin,Corporate,914
RD-9810,Ross DeVincentis,Home Office,915
AJ-945,Ashley Jarboe,Consumer,916
CC-2685,Craig Carroll,Consumer,917
LO-17170,Lori Olson,Corporate,918
DE-13255,Deanra Eno,Home Office,919
RF-9345,Randy Ferguson,Corporate,920
SC-20020,Sam Craven,Consumer,921
DW-13585,Dorothy Wardle,Corporate,922
EM-4065,Erin Mull,Consumer,923
TD-20995,Tamara Dahlen,Consumer,924
BD-11320,Bill Donatelli,Consumer,925
CW-11905,Carl Weiss,Home Office,926
CK-2325,Christine Kargatis,Home Office,927
BP-11095,Bart Pistole,Corporate,928
DV-3465,Dianna Vittorini,Consumer,929
MY-7380,Maribeth Yedwab,Corporate,930
PB-9150,Philip Brown,Consumer,931
AG-10390,Allen Goldenen,Consumer,932
KW-16570,Kelly Williams,Consumer,933
JF-5190,Jamie Frazer,Consumer,934
GB-14575,Giulietta Baptist,Consumer,935
MR-7545,Mathew Reese,Home Office,936
MO-17950,Michael Oakman,Consumer,937
TA-11385,Tom Ashbrook,Home Office,938
JM-5655,Jim Mitchum,Corporate,939
JS-5880,John Stevenson,Consumer,940
HP-14815,Harold Pawlan,Home Office,941
CS-12400,Christopher Schild,Home Office,942
DE-3255,Deanra Eno,Home Office,943
JD-6015,Joy Daniels,Consumer,944
CR-2730,Craig Reiter,Consumer,945
RC-9960,Ryan Crowe,Consumer,946
AO-10810,Anthony O'Donnell,Corporate,947
TB-11250,Tim Brockman,Consumer,948
RA-9285,Ralph Arnett,Consumer,949
MG-8205,Mitch Gastineau,Corporate,950
MY-8295,Muhammed Yedwab,Corporate,951
SR-20425,Sharelle Roach,Home Office,952
BT-1530,Bradley Talbott,Home Office,953
LS-7245,Lynn Smith,Consumer,954
AB-10255,Alejandro Ballentine,Home Office,955
TH-21115,Thea Hudgings,Corporate,956
LC-6885,Lena Creighton,Consumer,957
AC-660,Anna Chung,Consumer,958
EM-14095,Eudokia Martin,Corporate,959
BO-11350,Bill Overfelt,Corporate,960
DM-3015,Darrin Martin,Consumer,961
DD-13570,Dorothy Dickinson,Consumer,962
KN-16705,Kristina Nunn,Home Office,963
HM-14980,Henry MacAllister,Consumer,964
FM-4215,Filia McAdams,Corporate,965
JO-15145,Jack O'Briant,Corporate,966
TC-11535,Tracy Collins,Home Office,967
JK-15205,Jamie Kunitz,Consumer,968
DA-3450,Dianna Arnett,Home Office,969
DB-12910,Daniel Byrd,Home Office,970
EH-4005,Erica Hernandez,Home Office,971
DN-13690,Duane Noonan,Consumer,972
AS-10135,Adrian Shami,Home Office,973
MC-18130,Mike Caudle,Corporate,974
MM-18280,Muhammed MacIntyre,Corporate,975
RL-9615,Rob Lucas,Consumer,976
MA-7560,Matt Abelman,Home Office,977
HG-4845,Harry Greene,Consumer,978
PB-8805,Patrick Bzostek,Home Office,979
RW-19630,Rob Williams,Corporate,980
BT-11440,Bobby Trafton,Consumer,981
JC-5385,Jenna Caffey,Consumer,982
HR-4770,Hallie Redmond,Home Office,983
DB-3615,Doug Bickford,Consumer,984
JK-6120,Julie Kriz,Home Office,985
SW-20455,Shaun Weien,Consumer,986
GH-4425,Gary Hwang,Consumer,987
GB-4575,Giulietta Baptist,Consumer,988
PA-19060,Pete Armstrong,Home Office,989
CA-2775,Cynthia Arntzen,Consumer,990
CV-12295,Christina VanderZanden,Consumer,991
PO-9180,Philisse Overcash,Home Office,992
NC-18535,Nick Crebassa,Corporate,993
GZ-4470,Gary Zandusky,Consumer,994
AM-360,Alice McCarthy,Corporate,995
AA-480,Andrew Allen,Consumer,996
TB-21595,Troy Blackwell,Consumer,997
KH-16630,Ken Heidel,Corporate,998
TS-21655,Trudy Schmidt,Consumer,999
CD-11980,Carol Darley,Consumer,1000
DB-13360,Dennis Bolton,Home Office,1001
SK-9990,Sally Knutson,Consumer,1002
PT-19090,Pete Takahito,Consumer,1003
EH-13990,Erica Hackney,Consumer,1004
ME-17725,Max Engle,Consumer,1005
ZD-21925,Zuschuss Donatelli,Consumer,1006
MW-8235,Mitch Willingham,Corporate,1007
BP-11050,Barry Pond,Corporate,1008
RC-19960,Ryan Crowe,Consumer,1009
PN-8775,Parhena Norris,Home Office,1010
CB-12535,Claudia Bergmann,Corporate,1011
LR-7035,Lisa Ryan,Corporate,1012
JG-5160,James Galang,Consumer,1013
SC-10845,Sung Chung,Consumer,1014
DK-13225,Dean Katz,Corporate,1015
CG-2520,Claire Gute,Consumer,1016
RS-19870,Roy Skaria,Home Office,1017
DK-2835,Damala Kotsonis,Corporate,1018
CM-2385,Christopher Martinez,Consumer,1019
JE-5745,Joel Eaton,Consumer,1020
CA-1965,Carol Adams,Corporate,1021
Dl-3600,Dorris liebe,Corporate,1022
DL-2865,Dan Lawera,Consumer,1023
CM-2445,Chuck Magee,Consumer,1024
DB-13270,Deborah Brumfield,Home Office,1025
EB-4110,Eugene Barchas,Consumer,1026
BD-11620,Brian DeCherney,Consumer,1027
MN-7935,Michael Nguyen,Consumer,1028
DB-2910,Daniel Byrd,Home Office,1029
LH-7155,Logan Haushalter,Consumer,1030
JS-5940,Joni Sundaresam,Home Office,1031
GH-4410,Gary Hansen,Home Office,1032
SC-10380,Shahid Collister,Consumer,1033
SL-10155,Sara Luxemburg,Home Office,1034
EK-3795,Eileen Kiefer,Home Office,1035
PH-8790,Patricia Hirasaki,Home Office,1036
HD-4785,Harold Dahlen,Home Office,1037
CM-2190,Charlotte Melton,Consumer,1038
AR-570,Anemone Ratner,Consumer,1039
BT-1305,Beth Thompson,Home Office,1040
MH-7785,Maya Herman,Corporate,1041
SC-10260,Scott Cohen,Corporate,1042
LW-7125,Liz Willingham,Consumer,1043
SM-10905,Susan MacKendrick,Consumer,1044
TT-21265,Tim Taslimi,Corporate,1045
EJ-3720,Ed Jacobs,Consumer,1046
RS-9765,Roland Schwarz,Corporate,1047
EM-4095,Eudokia Martin,Corporate,1048
AJ-10960,Astrea Jones,Consumer,1049
BD-1770,Bryan Davis,Consumer,1050
BE-1410,Bobby Elias,Consumer,1051
KC-6255,Karen Carlisle,Corporate,1052
DV-3045,Darrin Van Huff,Corporate,1053
JD-5895,Jonathan Doherty,Corporate,1054
JM-5865,John Murray,Consumer,1055
JK-5205,Jamie Kunitz,Consumer,1056
CL-2700,Craig Leslie,Home Office,1057
GG-4650,Greg Guthrie,Corporate,1058
LS-6945,Linda Southworth,Corporate,1059
JL-5850,John Lucas,Consumer,1060
VP-11760,Victoria Pisteka,Corporate,1061
NF-8595,Nicole Fjeld,Home Office,1062
LE-16810,Laurel Elliston,Consumer,1063
JJ-5445,Jennifer Jackson,Consumer,1064
CS-2130,Chad Sievert,Consumer,1065
BM-1575,Brendan Murry,Corporate,1066
AC-615,Ann Chong,Corporate,1067
HG-5025,Hunter Glantz,Consumer,1068
TB-11400,Tom Boeckenhauer,Consumer,1069
RB-9330,Randy Bradley,Consumer,1070
JP-5460,Jennifer Patt,Corporate,1071
JL-5175,James Lanier,Home Office,1072
AA-315,Alex Avila,Consumer,1073
TS-11370,Todd Sumrall,Corporate,1074
SS-10140,Saphhira Shifley,Corporate,1075
DP-3000,Darren Powers,Consumer,1076
JS-5685,Jim Sink,Corporate,1077
PW-19240,Pierre Wener,Consumer,1078
NW-8400,Natalie Webber,Consumer,1079
TS-11340,Toby Swindell,Consumer,1080
JH-5985,Joseph Holt,Consumer,1081
NG-8355,Nat Gilpin,Corporate,1082
FP-14320,Frank Preis,Consumer,1083
SH-20395,Shahid Hopkins,Consumer,1084
JP-16135,Julie Prescott,Home Office,1085
JM-5250,Janet Martin,Consumer,1086
MA-7995,Michelle Arnett,Home Office,1087
DR-2940,Daniel Raglin,Home Office,1088
BF-1020,Barry Französisch,Corporate,1089
CS-2400,Christopher Schild,Home Office,1090
JM-15535,Jessica Myrick,Consumer,1091
JS-15940,Joni Sundaresam,Home Office,1092
AF-870,Art Ferguson,Consumer,1093
NP-8670,Nora Paige,Consumer,1094
SU-10665,Stephanie Ulpright,Home Office,1095
RD-9585,Rob Dowd,Consumer,1096
TP-21565,Tracy Poddar,Corporate,1097
LA-6780,Laura Armstrong,Corporate,1098
LH-7020,Lisa Hazard,Consumer,1099
JE-5475,Jeremy Ellison,Consumer,1100
ES-4080,Erin Smith,Corporate,1101
EM-4140,Eugene Moren,Home Office,1102
DS-13030,Darrin Sayre,Home Office,1103
ZD-11925,Zuschuss Donatelli,Consumer,1104
JO-5550,Jesus Ocampo,Home Office,1105
TB-11595,Troy Blackwell,Consumer,1106
GM-4500,Gene McClure,Consumer,1107
DD-3570,Dorothy Dickinson,Consumer,1108
FH-4365,Fred Hopkins,Corporate,1109
MK-18160,Mike Kennedy,Consumer,1110
NM-8445,Nathan Mautz,Home Office,1111
JF-5355,Jay Fein,Consumer,1112
BF-975,Barbara Fisher,Corporate,1113
SS-20875,Sung Shariari,Consumer,1114
PF-9165,Philip Fox,Consumer,1115
SV-10365,Seth Vernon,Consumer,1116
BB-10990,Barry Blumstein,Corporate,1117
PW-9240,Pierre Wener,Consumer,1118
JF-15490,Jeremy Farry,Consumer,1119
CW-1905,Carl Weiss,Home Office,1120
LC-7140,Logan Currie,Consumer,1121
HK-4890,Heather Kirkland,Corporate,1122
BT-1440,Bobby Trafton,Consumer,1123
RD-19810,Ross DeVincentis,Home Office,1124
KL-6645,Ken Lonsdale,Consumer,1125
VG-11805,Vivek Grady,Corporate,1126
PF-9225,Phillip Flathmann,Consumer,1127
AB-15,Aaron Bergman,Consumer,1128
LW-6990,Lindsay Williams,Corporate,1129
PS-8970,Paul Stevenson,Home Office,1130
LW-17125,Liz Willingham,Consumer,1131
MC-7590,Matt Collister,Corporate,1132
JO-15550,Jesus Ocampo,Home Office,1133
SJ-10125,Sanjit Jacobs,Home Office,1134
SS-20515,Shirley Schmidt,Home Office,1135
RB-19645,Robert Barroso,Corporate,1136
BP-1050,Barry Pond,Corporate,1137
PG-8895,Paul Gonzalez,Consumer,1138
RM-19750,Roland Murray,Consumer,1139
KM-6225,Kalyca Meade,Corporate,1140
AH-120,Adrian Hane,Home Office,1141
BM-1785,Bryan Mills,Consumer,1142
NR-8550,Nick Radford,Consumer,1143
EB-14170,Evan Bailliet,Consumer,1144
PB-19150,Philip Brown,Consumer,1145
TP-11130,Theone Pippenger,Consumer,1146
KN-6450,Kean Nguyen,Corporate,1147
RD-9720,Roger Demir,Consumer,1148
RS-9870,Roy Skaria,Home Office,1149
EB-3840,Ellis Ballard,Corporate,1150
TC-21475,Tony Chapman,Home Office,1151
BH-1710,Brosina Hoffman,Consumer,1152
MH-7620,Matt Hagelstein,Corporate,1153
PT-9090,Pete Takahito,Consumer,1154
DC-2850,Dan Campbell,Consumer,1155
AG-900,Arthur Gainer,Consumer,1156
DC-12850,Dan Campbell,Consumer,1157
JF-5565,Jill Fjeld,Consumer,1158
SR-10740,Steven Roelle,Home Office,1159
MK-7905,Michael Kennedy,Corporate,1160
JK-5370,Jay Kimmel,Consumer,1161
GM-4680,Greg Matthias,Consumer,1162
PC-9000,Pauline Chand,Home Office,1163
DL-3315,Delfina Latchford,Consumer,1164
JL-5235,Janet Lee,Consumer,1165
BB-990,Barry Blumstein,Corporate,1166
RP-9390,Resi Pölking,Consumer,1167
ES-4020,Erica Smith,Consumer,1168
MH-7455,Mark Hamilton,Consumer,1169
JD-5790,John Dryer,Consumer,1170
DB-3270,Deborah Brumfield,Home Office,1171
PK-9075,Pete Kriz,Consumer,1172
NM-8520,Neoma Murray,Consumer,1173
MO-7500,Mary O'Rourke,Consumer,1174
SG-10890,Susan Gilcrest,Corporate,1175
MF-8250,Monica Federle,Corporate,1176
JG-5310,Jason Gross,Corporate,1177
YS-11880,Yana Sorensen,Corporate,1178
FC-4245,Frank Carlisle,Home Office,1179
BW-1110,Bart Watters,Corporate,1180
BS-1590,Brendan Sweed,Corporate,1181
CS-2460,Chuck Sachs,Consumer,1182
MH-7290,Marc Harrigan,Home Office,1183
KE-6420,Katrina Edelman,Corporate,1184
AJ-780,Anthony Jacobs,Corporate,1185
MM-7920,Michael Moore,Consumer,1186
ML-8265,Muhammed Lee,Consumer,1187
RR-9315,Ralph Ritter,Consumer,1188
JF-5490,Jeremy Farry,Consumer,1189
AG-765,Anthony Garverick,Home Office,1190
DS-3030,Darrin Sayre,Home Office,1191
AH-75,Adam Hart,Corporate,1192
NB-18580,Nicole Brennan,Corporate,1193
KD-6270,Karen Daniels,Consumer,1194
MJ-7740,Max Jones,Consumer,1195
DM-3525,Don Miller,Corporate,1196
GH-4665,Greg Hansen,Consumer,1197
RM-9675,Robert Marley,Home Office,1198
TS-11610,Troy Staebel,Consumer,1199
PR-8880,Patrick Ryan,Consumer,1200
HP-4815,Harold Pawlan,Home Office,1201
EC-4050,Erin Creighton,Consumer,1202
BF-1005,Barry Franz,Home Office,1203
SC-10050,Sample Company A,Home Office,1204
DM-3345,Denise Monton,Corporate,1205
CD-2280,Christina DeMoss,Consumer,1206
BP-1095,Bart Pistole,Corporate,1207
TC-11475,Tony Chapman,Home Office,1208
DW-3540,Don Weiss,Consumer,1209
BE-1455,Brad Eason,Home Office,1210
AH-195,Alan Haines,Corporate,1211
DO-3645,Doug O'Connell,Consumer,1212
CA-2055,Cathy Armstrong,Home Office,1213
LP-7080,Liz Pelletier,Consumer,1214
BN-1515,Bradley Nguyen,Consumer,1215
NK-8490,Neil Knudson,Home Office,1216
AR-510,Andrew Roberts,Consumer,1217
VM-11835,Vivian Mathis,Consumer,1218
TH-11115,Thea Hudgings,Corporate,1219
AB-165,Alan Barnes,Consumer,1220
LB-6735,Larry Blacks,Consumer,1221
GA-4515,George Ashbrook,Consumer,1222
DJ-3630,Doug Jacobs,Consumer,1223
LT-6765,Larry Tron,Consumer,1224
SG-10080,Sandra Glassco,Consumer,1225
TB-11175,Thomas Boland,Corporate,1226
AP-915,Arthur Prichep,Consumer,1227
ON-8715,Odella Nelson,Corporate,1228
SB-10290,Sean Braxton,Corporate,1229
AJ-795,Anthony Johnson,Corporate,1230
TP-11565,Tracy Poddar,Corporate,1231
ML-8040,Michelle Lonsdale,Corporate,1232
LC-6870,Lena Cacioppo,Consumer,1233
AB-105,Adrian Barton,Consumer,1234
AW-840,Anthony Witt,Consumer,1235
JO-5280,Jas O'Carroll,Consumer,1236
ME-7320,Maria Etezadi,Home Office,1237
SW-10455,Shaun Weien,Consumer,1238
LP-7095,Liz Preis,Consumer,1239
DW-3195,David Wiener,Corporate,1240
SC-10770,Stewart Carmichael,Corporate,1241
HE-4800,Harold Engle,Corporate,1242
DL-3495,Dionis Lloyd,Corporate,1243
EJ-4155,Eva Jacobs,Consumer,1244
JH-6180,Justin Hirsh,Consumer,1245
DK-3150,David Kendrick,Corporate,1246
XP-11865,Xylona Preis,Consumer,1247
KT-6480,Kean Thornton,Consumer,1248
MB-8085,Mick Brown,Consumer,1249
AR-345,Alex Russell,Corporate,1250
BD-1320,Bill Donatelli,Consumer,1251
DP-3165,David Philippe,Consumer,1252
KD-6495,Keith Dawkins,Corporate,1253
CK-2595,Clytie Kelty,Consumer,1254
SB-10170,Sarah Bern,Consumer,1255
JJ-5760,Joel Jenkins,Home Office,1256
GH-4485,Gene Hale,Corporate,1257
DB-3555,Dorothy Badders,Corporate,1258
LB-6795,Laurel Beltran,Home Office,1259
KT-6465,Kean Takahito,Consumer,1260
GA-4725,Guy Armstrong,Consumer,1261
DK-3090,Dave Kipp,Consumer,1262
SS-10590,Sonia Sunley,Consumer,1263
SD-10485,Shirley Daniels,Home Office,1264
TS-21085,Thais Sissman,Consumer,1265
RA-9945,Ryan Akin,Consumer,1266
JO-5145,Jack O'Briant,Corporate,1267
LW-7215,Luke Weiss,Consumer,1268
RB-9645,Robert Barroso,Corporate,1269
MV-7485,Mark Van Huff,Consumer,1270
BW-1200,Ben Wallace,Consumer,1271
CC-2610,Corey Catlett,Corporate,1272
BD-1560,Brendan Dodson,Home Office,1273
CS-2505,Cindy Stewart,Consumer,1274
VT-11700,Valerie Takahito,Home Office,1275
MC-7845,Michael Chen,Consumer,1276
KH-6690,Kristen Hastings,Corporate,1277
VS-11820,Vivek Sundaresam,Consumer,1278
NF-8475,Neil Französisch,Home Office,1279
TB-11190,Thomas Brumley,Home Office,1280
TS-11205,Thomas Seio,Corporate,1281
TD-10995,Tamara Dahlen,Consumer,1282
EB-3750,Edward Becker,Corporate,1283
AH-690,Anna Häberlin,Corporate,1284
TB-11280,Toby Braunhardt,Consumer,1285
AM-705,Anne McFarland,Consumer,1286
BD-1620,Brian DeCherney,Consumer,1287
KF-6285,Karen Ferguson,Home Office,1288
BE-1335,Bill Eplett,Home Office,1289
HA-4905,Helen Abelman,Consumer,1290
ND-8370,Natalie DeCherney,Consumer,1291
AA-645,Anna Andreadi,Consumer,1292
CC-2430,Chuck Clark,Home Office,1293
PL-8925,Paul Lucas,Home Office,1294
SO-10335,Sean O'Donnell,Consumer,1295
AY-555,Andy Yotov,Corporate,1296
JB-6000,Joy Bell-,Consumer,1297
SN-10560,Skye Norling,Home Office,1298
AH-465,Amy Hunt,Consumer,1299
HW-4935,Helen Wasserman,Corporate,1300
MC-7425,Mark Cousins,Corporate,1301
BT-1680,Brian Thompson,Consumer,1302
MG-7650,Matthew Grinstein,Home Office,1303
CB-2415,Christy Brittain,Consumer,1304
CK-2760,Cyma Kinney,Corporate,1305
AG-330,Alex Grayson,Consumer,1306
MK-8160,Mike Kennedy,Consumer,1307
NC-8625,Noah Childs,Corporate,1308
MO-7950,Michael Oakman,Consumer,1309
HF-4995,Herbert Flentye,Consumer,1310
SJ-10215,Sarah Jordon,Consumer,1311
AO-810,Anthony O'Donnell,Corporate,1312
RM-9375,Raymond Messe,Consumer,1313
MM-8055,Michelle Moray,Consumer,1314
DN-3690,Duane Noonan,Consumer,1315
EB-3930,Eric Barreto,Consumer,1316
NH-8610,Nicole Hansen,Corporate,1317
EL-3735,Ed Ludwig,Home Office,1318
PS-8760,Pamela Stobb,Consumer,1319
ST-10530,Shui Tom,Consumer,1320
RH-9510,Rick Huthwaite,Home Office,1321
BD-1605,Brian Dahlen,Consumer,1322
SC-10440,Shaun Chance,Corporate,1323
CG-2040,Catherine Glotzbach,Home Office,1324
TG-11310,Toby Gnade,Consumer,1325
FO-4305,Frank Olsen,Consumer,1326
CS-1950,Carlos Soltero,Consumer,1327
LE-6810,Laurel Elliston,Consumer,1328
DR-2880,Dan Reichenbach,Corporate,1329
JR-5700,Jocasta Rupert,Consumer,1330
MS-7710,Maurice Satty,Consumer,1331
PM-8940,Paul MacIntyre,Consumer,1332
AZ-750,Annie Zypern,Consumer,1333
AA-375,Allen Armold,Consumer,1334
FM-4290,Frank Merwin,Home Office,1335
CR-2820,Cyra Reiten,Home Office,1336
VB-11745,Victoria Brennan,Corporate,1337
RH-19600,Rob Haberlin,Consumer,1338
KH-6330,Katharine Harms,Corporate,1339
ME-7725,Max Engle,Consumer,1340
FA-4230,Frank Atkinson,Corporate,1341
GM-4455,Gary Mitchum,Home Office,1342
KH-6510,Keith Herrera,Consumer,1343
CD-2790,Cynthia Delaney,Home Office,1344
NB-8580,Nicole Brennan,Corporate,1345
CS-2250,Chris Selesnick,Corporate,1346
SP-10920,Susan Pistek,Consumer,1347
TH-11100,Thea Hendricks,Consumer,1348
DC-3285,Debra Catini,Consumer,1349
CM-2655,Corinna Mitchell,Home Office,1350
RF-9735,Roland Fjeld,Consumer,1351
LH-6750,Larry Hughes,Consumer,1352
JM-5265,Janet Molinari,Corporate,1353
CS-1845,Cari Sayre,Corporate,1354
CS-1860,Cari Schnelling,Consumer,1355
BT-1485,Brad Thomas,Home Office,1356
KB-6240,Karen Bern,Corporate,1357
KB-6600,Ken Brennan,Corporate,1358
LS-7230,Lycoris Saunders,Consumer,1359
MS-7365,Maribeth Schnelling,Consumer,1360
BG-1740,Bruce Geld,Consumer,1361
HJ-4875,Heather Jas,Home Office,1362
LR-6915,Lena Radford,Consumer,1363
JW-6075,Julia West,Consumer,1364
DJ-3420,Denny Joy,Corporate,1365
SP-10650,Stephanie Phelps,Corporate,1366
VM-21835,Vivian Mathis,Consumer,1367
CM-1815,Candace McMahon,Corporate,1368
MH-8025,Michelle Huthwaite,Consumer,1369
RD-9480,Rick Duston,Consumer,1370
PW-9030,Pauline Webber,Corporate,1371
EB-4170,Evan Bailliet,Consumer,1372
SM-10950,Suzanne McNair,Corporate,1373
NP-8325,Naresj Patel,Consumer,1374
MP-8175,Mike Pelletier,Home Office,1375
CM-2160,Charles McCrossin,Consumer,1376
NP-8700,Nora Preis,Consumer,1377
BP-1185,Ben Peterman,Corporate,1378
SW-10755,Steven Ward,Corporate,1379
AC-450,Amy Cox,Consumer,1380
SE-10110,Sanjit Engle,Consumer,1381
BS-1365,Bill Shonely,Corporate,1382
RM-9750,Roland Murray,Consumer,1383
BT-1395,Bill Tyler,Corporate,1384
BP-1155,Becky Pak,Consumer,1385
GT-4635,Grant Thornton,Corporate,1386
CM-1935,Carlos Meador,Consumer,1387
RE-9405,Ricardo Emerson,Consumer,1388
KS-6300,Karen Seio,Corporate,1389
TS-11160,Theresa Swint,Corporate,1390
ML-7395,Marina Lichtenstein,Corporate,1391
BF-1170,Ben Ferrer,Home Office,1392
NS-8640,Noel Staavos,Corporate,1393
RB-9570,Rob Beeghly,Consumer,1394
FM-4380,Fred McMath,Consumer,1395
AG-300,Aleksandra Gannaway,Corporate,1396
SW-10350,Sean Wendt,Home Office,1397
JR-6210,Justin Ritter,Corporate,1398
MD-7350,Maribeth Dona,Consumer,1399
ML-7755,Max Ludwig,Home Office,1400
HA-4920,Helen Andreada,Consumer,1401
AS-45,Aaron Smayling,Corporate,1402
BF-1215,Benjamin Farhat,Home Office,1403
LH-6900,Lena Hernandez,Consumer,1404
DP-3390,Dennis Pardue,Home Office,1405
DH-3075,Dave Hallsten,Corporate,1406
HM-4860,Harry Marie,Corporate,1407
SB-10185,Sarah Brown,Consumer,1408
RF-9840,Roy Französisch,Consumer,1409
SV-10935,Susan Vittorini,Consumer,1410
CS-2355,Christine Sundaresam,Consumer,1411
GM-4695,Greg Maxwell,Corporate,1412
AT-435,Alyssa Tate,Home Office,1413
MC-8130,Mike Caudle,Corporate,1414
FP-4320,Frank Preis,Consumer,1415
DK-3225,Dean Katz,Corporate,1416
VG-11790,Vivek Gonzalez,Consumer,1417
LF-7185,Luke Foster,Consumer,1418
NC-8535,Nick Crebassa,Corporate,1419
DB-3405,Denny Blanton,Consumer,1420
MH-8115,Mick Hernandez,Home Office,1421
SA-10830,Sue Ann Reed,Consumer,1422
JK-5640,Jim Kriz,Home Office,1423
VF-11715,Vicky Freymann,Home Office,1424
VW-11775,Victoria Wilson,Corporate,1425
SN-10710,Steve Nguyen,Home Office,1426
MS-7980,Michael Stewart,Corporate,1427
AD-180,Alan Dominguez,Home Office,1428
MC-8100,Mick Crebagga,Consumer,1429
JB-5925,Joni Blumstein,Consumer,1430
JC-5340,Jasper Cacioppo,Consumer,1431
MF-7665,Maureen Fritzler,Corporate,1432
RP-9270,Rachel Payne,Corporate,1433
PF-9120,Peter Fuller,Consumer,1434
DK-2895,Dana Kaydos,Consumer,1435
RW-9630,Rob Williams,Corporate,1436
TM-11490,Tony Molinari,Consumer,1437
Co-2640,Corey-Lock,Consumer,1438
EM-3810,Eleni McCrary,Corporate,1439
JK-6090,Juliana Krohn,Consumer,1440
JH-5430,Jennifer Halladay,Consumer,1441
AR-405,Allen Rosenblatt,Corporate,1442
TZ-11580,Tracy Zic,Consumer,1443
BG-1035,Barry Gonzalez,Consumer,1444
PS-9045,Penelope Sewall,Home Office,1445
MS-7770,Maxwell Schwartz,Consumer,1446
SS-10875,Sung Shariari,Consumer,1447
DB-2970,Darren Budd,Corporate,1448
SS-10515,Shirley Schmidt,Home Office,1449
AW-930,Arthur Wiediger,Home Office,1450
PK-8910,Paul Knutson,Home Office,1451
GM-4440,Gary McGarr,Consumer,1452
CY-2745,Craig Yedwab,Corporate,1453
RW-9690,Robert Waldorf,Consumer,1454
CC-2100,Chad Cunningham,Home Office,1455
KD-6345,Katherine Ducich,Consumer,1456
KN-6390,Katherine Nockton,Corporate,1457
GT-4710,Greg Tran,Consumer,1458
TS-11085,Thais Sissman,Consumer,1459
RR-9525,Rick Reed,Corporate,1460
MT-7815,Meg Tillman,Consumer,1461
JA-5970,Joseph Airdo,Consumer,1462
CB-2535,Claudia Bergmann,Corporate,1463
AP-720,Anne Pryor,Home Office,1464
SP-10860,Sung Pak,Corporate,1465
IL-5100,Ivan Liston,Consumer,1466
VD-11670,Valerie Dominguez,Consumer,1467
EH-3765,Edward Hooks,Corporate,1468
BS-1755,Bruce Stewart,Consumer,1469
HL-5040,Hunter Lopez,Consumer,1470
CA-2310,Christine Abelman,Corporate,1471
AC-420,Alyssa Crouse,Corporate,1472
CC-2145,Charles Crestani,Consumer,1473
KB-6585,Ken Black,Corporate,1474
JG-5115,Jack Garza,Consumer,1475
GK-4620,Grace Kelly,Corporate,1476
FW-4395,Fred Wasserman,Corporate,1477
VM-11685,Valerie Mitchum,Home Office,1478
RB-9360,Raymond Buch,Consumer,1479
AG-495,Andrew Gjertsen,Corporate,1480
IM-5070,Irene Maddox,Consumer,1481
MC-7635,Matthew Clasen,Corporate,1482
SH-10635,Stefanie Holloman,Corporate,1483
KC-6540,Kelly Collister,Consumer,1484
QJ-9255,Quincy Jones,Corporate,1485
JK-5325,Jason Klamczynski,Corporate,1486
AI-855,Arianne Irving,Consumer,1487
SC-10095,Sanjit Chand,Consumer,1488
CT-1995,Carol Triggs,Consumer,1489
PJ-8835,Patrick Jones,Corporate,1490
JM-6195,Justin MacKendrick,Consumer,1491
CV-2295,Christina VanderZanden,Consumer,1492
DB-3120,David Bremer,Corporate,1493
NL-8310,Nancy Lomonaco,Home Office,1494
BB-1545,Brenda Bowman,Corporate,1495
BV-1245,Benjamin Venier,Corporate,1496
BS-1380,Bill Stewart,Corporate,1497
KA-6525,Kelly Andreada,Consumer,1498
RB-9795,Ross Baird,Home Office,1499
EP-3915,Emily Phan,Consumer,1500
JS-5595,Jill Stevenson,Corporate,1501
JE-5610,Jim Epp,Corporate,1502
CJ-1875,Carl Jackson,Corporate,1503
TH-11550,Tracy Hopkins,Home Office,1504
HR-4830,Harold Ryan,Corporate,1505
KC-6675,Kimberly Carter,Corporate,1506
LS-7200,Luke Schmidt,Corporate,1507
DL-2925,Daniel Lacy,Consumer,1508
WB-11850,William Brown,Consumer,1509
SJ-10500,Shirley Jackson,Consumer,1510
DF-3135,David Flashing,Consumer,1511
SZ-10035,Sam Zeldin,Home Office,1512
CK-2205,Chloris Kastensmidt,Consumer,1513
TM-11010,Tamara Manning,Consumer,1514
FC-4335,Fred Chung,Corporate,1515
GB-4530,George Bell,Corporate,1516
BF-1275,Beth Fritzler,Corporate,1517
NB-8655,Nona Balk,Corporate,1518
EH-3990,Erica Hackney,Consumer,1519
SP-10545,Sibella Parks,Corporate,1520
Dp-3240,Dean percer,Home Office,1521
LW-6825,Laurel Workman,Corporate,1522
EN-3780,Edward Nazzal,Consumer,1523
TZ-11445,Tom Zandusky,Corporate,1524
KD-6615,Ken Dana,Corporate,1525
LD-7005,Lisa DeCherney,Consumer,1526
CL-1890,Carl Ludwig,Consumer,1527
HG-4965,Henry Goldwyn,Corporate,1528
BO-1350,Bill Overfelt,Corporate,1529
YC-11895,Yoseph Carroll,Corporate,1530
JM-5535,Jessica Myrick,Consumer,1531
RA-9885,Ruben Ausman,Corporate,1532
KM-6660,Khloe Miller,Consumer,1533
DW-3585,Dorothy Wardle,Corporate,1534
TS-11655,Trudy Schmidt,Consumer,1535
RK-9300,Ralph Kennedy,Consumer,1536
SC-10020,Sam Craven,Consumer,1537
AG-390,Allen Goldenen,Consumer,1538
AT-735,Annie Thurman,Consumer,1539
JW-5955,Joni Wasserman,Consumer,1540
AF-885,Art Foster,Consumer,1541
KB-6405,Katrina Bavinger,Home Office,1542
BP-1290,Beth Paige,Consumer,1543
OT-8730,Olvera Toch,Consumer,1544
LS-6975,Lindsay Shagiari,Home Office,1545
GD-4590,Giulietta Dortch,Corporate,1546
MP-7965,Michael Paige,Corporate,1547
DS-3180,David Smith,Corporate,1548
ED-3885,Emily Ducich,Home Office,1549
NZ-8565,Nick Zandusky,Home Office,1550
JG-5805,John Grady,Corporate,1551
EB-3870,Emily Burns,Consumer,1552
BG-1695,Brooke Gillingham,Corporate,1553
SR-10425,Sharelle Roach,Home Office,1554
AS-90,Adam Shillingsburg,Consumer,1555
SP-10620,Stefania Perrino,Corporate,1556
SH-10395,Shahid Hopkins,Consumer,1557
AR-540,Andy Reiter,Consumer,1558
CM-2235,Chris McAfee,Consumer,1559
AS-225,Alan Schoenberger,Corporate,1560
RA-9915,Russell Applegate,Consumer,1561
RS-9420,Ricardo Sperren,Corporate,1562
TN-11040,Tanja Norvell,Home Office,1563
VP-11730,Victor Preis,Home Office,1564
KW-6435,Katrina Willman,Consumer,1565
PP-8955,Paul Prost,Home Office,1566
SC-10575,Sonia Cooley,Consumer,1567
ML-7410,Maris LaWare,Consumer,1568
CJ-2010,Caroline Jumper,Consumer,1569
FG-4260,Frank Gastineau,Home Office,1570
TW-11025,Tamara Willingham,Home Office,1571
DB-3210,Dean Braden,Consumer,1572
EA-4035,Erin Ashbrook,Corporate,1573
EM-3825,Elizabeth Moffitt,Corporate,1574
TB-11355,Todd Boyes,Corporate,1575
ME-8010,Michelle Ellison,Corporate,1576
JE-5715,Joe Elijah,Consumer,1577
MC-7605,Matt Connell,Corporate,1578
FH-4350,Fred Harton,Consumer,1579
BC-1125,Becky Castell,Home Office,1580
MG-7875,Michael Grace,Home Office,1581
FH-4275,Frank Hawley,Corporate,1582
DK-2985,Darren Koutras,Consumer,1583
BK-1260,Berenike Kampe,Consumer,1584
MP-7470,Mark Packer,Home Office,1585
SC-10800,Stuart Calhoun,Consumer,1586
BD-1500,Bradley Drucker,Consumer,1587
RC-9825,Roy Collins,Consumer,1588
MG-7890,Michael Granlund,Home Office,1589
ZC-11910,Zuschuss Carroll,Consumer,1590
